Codigo;fecha;rN mm acumulado;rN mm anual;rS mm acumulado;rS mm anual;rE mm acumulado;rE mm anual;rW mm acumulado;rW mm anual;N;NE;E;SE;S;SW;W;NW
F2A;1997;6;6;6;5;5;5;6;6;0;0;0;0;0;0;0;0
F2A;1998;22;16;21;15;21;16;21;15;1;1;1;1;0;0;0;1
F2A;1999;43;21;35;14;36;15;36;15;1;1;0;1;1;0;0;1
F2A;2000;56;13;43;8;47;11;50;14;1;0;0;1;1;0;0;0
F2A;2001;72;16;46;3;49;2;65;15;1;1;0;0;0;0;0;1
F2A;2002;90;18;56;10;61;12;82;17;1;1;1;0;0;0;0;1
F2A;2003;107;17;66;10;72;11;96;14;0;1;0;0;0;0;0;1
F2A;2004;115;8;73;7;80;8;103;7;1;0;0;0;0;0;0;0
F2A;2005;122;7;79;6;85;5;109;6;0;0;0;0;0;0;0;0
F2A;2006;130;8;85;6;91;6;115;6;0;0;0;0;0;0;0;0
F2A;2007;135;5;90;5;96;5;120;5;0;0;0;0;0;0;0;0
F2A;2008;144;9;97;7;102;6;125;5;0;0;0;0;0;0;0;0
F2A;2009;151;7;104;7;108;6;132;7;0;0;0;0;0;0;0;0
F2A;2010;157;6;110;6;115;7;137;5;0;0;0;0;0;0;0;0
F2A;2011;165;8;117;7;122;7;143;6;0;0;0;0;0;0;0;0
F2A;2012;170;5;121;4;127;5;147;4;0;0;0;0;0;0;0;0
F2A;2013;177;7;128;7;133;6;153;6;0;0;0;0;0;0;0;0
F2A;2014;185;8;134;6;142;9;159;6;0;0;0;0;0;0;0;0
F2A;2015;191;6;140;6;148;6;164;5;0;0;0;0;0;0;0;0
F2A;2016;197;6;144;4;154;6;169;5;0;0;0;0;0;0;0;0
F2A;2017;202;5;148;4;158;4;172;3;0;0;0;0;0;0;0;0
F2A;2018;206;4;149.5;1.5;161;3;174;2;0;0;0;0;0;0;0;0
F2A;2019;208;2;150.5;1;163;2;175;1;0;0;0;0;0;0;0;0
F3A;1996;4;4;3;3;3;3;3.5;3.5;0;0;0;0;0;0;0;0
F3A;1997;12;8;11;8;10;7;12;12;0;0;0;0;0;0;0;0
F3A;1998;34;22;27;16;27;17;32;20;0;0;0;0;0;0;0;0
F3A;1999;53;19;44;17;43;16;51;19;0;0;0;0;0;0;0;0
F3A;2000;69;16;57;13;56;13;66;15;0;0;0;0;0;0;0;0
F3A;2001;80;11;68;11;68;12;78;12;0;0;0;0;0;0;0;0
F3A;2002;88;8;77;9;78;10;86;8;0;0;0;0;0;0;0;0
F3A;2003;97;9;85;8;87;9;94;8;0;0;0;0;0;0;0;0
F3A;2004;99;2;91;6;91;4;100;6;0;0;0;0;0;0;0;0
F3A;2005;101;2;93;2;93;2;103;3;0;0;0;0;0;0;0;0
F3A;2006;106;5;97;4;97;4;109;6;0;0;0;0;0;0;0;0
F3A;2007;109;3;99;2;100;3;111;2;0;0;0;0;0;0;0;0
F3A;2008;115;6;104;5;105;5;116;5;0;0;0;0;0;0;0;0
F3A;2009;120;5;109;5;110;5;121;5;0;0;0;0;0;0;0;0
F3A;2010;124;4;114;5;116;6;126;5;0;0;0;0;0;0;0;0
F3A;2011;129;5;120;6;121;5;132;6;0;0;0;0;0;0;0;0
F3A;2012;133;4;125;5;128;7;136;4;0;0;0;0;0;0;0;0
F3A;2013;141;8;133;8;135;7;145;9;0;0;0;0;0;0;0;0
F3A;2014;147;6;140;7;143;8;152;7;0;0;0;0;0;0;0;0
F3A;2015;154;7;145;5;150;7;157;5;0;0;0;0;0;0;0;0
F3A;2016;159;5;152;7;156;6;164;7;0;0;0;0;0;0;0;0
F3A;2017;164;5;157;5;161;5;170;6;0;0;0;0;0;0;0;0
F3A;2018;168;4;162;5;164;3;175;5;0;0;0;0;0;0;0;0
F3A;2019;170;2;165;3;166.5;2.5;177.5;2.5;0;0;0;0;0;0;0;0
F4A;1997;10;10;9;9;9;9;11;11;0;0;0;0;0;0;0;0
F4A;1998;31;21;24;15;24;15;29;18;0;0;0;0;0;0;0;0
F4A;1999;51;20;43;19;44;20;47;18;1;0;0;0;0;1;1;1
F4A;2000;68;17;59;16;61;17;65;18;0;0;0;0;0;0;0;0
F4A;2001;81;13;71;12;70;9;83;18;1;1;1;0;0;1;1;1
F4A;2002;95;14;81;10;82;12;95;12;1;1;0;0;0;0;1;1
F4A;2003;106;11;90;9;91;9;99;4;1;1;0;0;1;1;1;1
F4A;2004;112;6;95;5;95;4;109;10;0;0;1;1;0;0;1;0
F4A;2005;114;2;97;2;97;2;112;3;0;0;0;0;0;0;0;0
F4A;2006;122;8;103;6;102;5;119;7;0;0;1;1;0;0;0;1
F4A;2007;126;4;106;3;106;4;122;3;0;0;0;0;0;0;1;0
F4A;2008;134;8;110;4;113;7;129;7;0;0;0;0;0;0;0;0
F4A;2009;142;8;116;6;121;8;134;5;0;0;0;0;0;0;1;1
F4A;2010;147;5;120;4;127;6;139;5;0;0;0;0;0;0;0;0
F4A;2011;153;6;123;3;131;4;144;5;0;0;0;0;0;0;0;0
F4A;2012;159;6;126;3;135;4;147;3;0;0;0;0;0;0;0;0
F4A;2013;165;6;132;6;141;6;153;6;0;1;0;1;1;1;0;0
F4A;2014;170;5;138.5;6.5;147;6;158;5;0;0;0;0;0;0;1;0
F4A;2015;178;8;144;5.5;152;5;164;6;0;0;0;1;0;0;0;0
F4A;2016;185;7;149;5;158;6;169;5;0;1;0;1;0;0;0;0
F4A;2017;189;4;151;2;160;2;173;4;0;0;0;0;0;0;1;0
F4A;2018;192;3;156;5;163;3;176;3;0;0;0;0;0;0;0;0
F4A;2019;194;2;157.5;1.5;165;2;178;2;0;0;0;0;1;0;0;0
F7A;1996;7;7;5;5;5;5;6;6;0;0;0;0;0;0;0;0
F7A;1997;23;16;24;19;22;17;24;18;0;0;0;0;0;0;0;0
F7A;1998;46;23;44;20;45;23;44;20;0;0;0;0;0;0;0;0
F7A;1999;85;39;79;35;67;22;61;17;0;0;0;0;0;0;0;0
F7A;2000;100;15;96;17;85;18;78;17;0;0;0;0;0;0;0;1
F7A;2001;108;8;104;8;97;12;95;17;0;0;0;0;0;0;0;1
F7A;2002;115;7;112;8;106;9;110;15;0;0;0;0;0;0;0;0
F7A;2003;121;6;120;8;115;9;119;9;0;0;0;0;0;0;0;0
F7A;2004;125;4;124;4;120;5;126;7;0;0;0;0;0;0;0;0
F7A;2005;129;4;128;4;124;4;131;5;0;0;0;0;0;0;0;0
F7A;2006;136;7;133;5;128;4;139;8;0;0;0;0;0;0;0;0
F7A;2007;140;4;137;4;132;4;143;4;0;0;0;0;0;0;0;0
F7A;2008;144;4;142;5;136;4;147;4;0;0;0;0;0;0;0;0
F7A;2009;147;3;146;4;139;3;151;4;0;0;0;0;0;0;0;0
F7A;2010;150;3;148;2;141.5;2.5;154;3;0;0;0;0;0;0;0;0
F7A;2011;153;3;151;3;143;1.5;157;3;0;0;0;0;0;0;0;0
F7A;2012;157;4;152;1;144;1;160;3;0;0;0;0;0;0;0;0
F7A;2013;162;5;156;4;147;3;164;4;0;0;0;0;0;0;0;0
F7A;2014;167;5;160;4;150;3;166;2;0;0;0;0;0;0;0;0
F7A;2015;170;3;163.5;3.5;153;3;171;5;0;0;0;0;0;0;0;0
F7A;2016;176;6;168;4.5;158;5;176;5;0;0;0;0;0;0;0;0
F7A;2017;179;3;171;3;160;2;179;3;0;0;0;0;0;0;0;0
F7A;2018;183;4;174;3;164;4;183;4;0;0;0;0;0;0;0;0
F7A;2019;184.5;1.5;175;1;165;1;184;;0;0;0;0;0;0;0;0
F8A;1996;5;5;6;6;6;6;5;5;0;0;0;0;0;0;0;0
F8A;1997;18;13;17;11;18;12;16;11;0;1;1;1;1;0;0;0
F8A;1998;37;19;33;16;36;18;34;18;1;1;0;0;0;0;0;0
F8A;1999;55;18;50;17;55;19;50;16;0;1;0;0;0;0;0;0
F8A;2000;71;16;66;16;72;17;65;15;1;0;0;0;0;0;0;0
F8A;2001;83;12;79;13;87;15;78;13;1;0;0;0;0;0;0;0
F8A;2002;92;9;90;11;97;10;88;10;0;0;0;0;0;0;0;0
F8A;2003;97;5;94;4;102;5;92;4;1;1;0;0;0;0;0;0
F8A;2004;100;3;96;2;106;4;94;2;0;0;0;0;0;0;0;0
F8A;2005;104;4;99;3;110;4;97;3;0;0;0;0;0;0;0;0
F8A;2006;109;5;106;7;118;8;103;6;0;0;0;0;0;0;0;0
F8A;2007;113;4;111;5;123;5;108;5;0;0;0;0;0;0;0;0
F8A;2008;118;5;116;5;128;5;113;5;0;0;0;0;0;0;0;0
F8A;2009;122;4;122;6;134;6;120;7;0;0;0;0;0;0;0;0
F8A;2010;128;6;127;5;139;5;126;6;0;1;0;0;0;0;0;0
F8A;2011;134;6;132;5;146;7;133;7;0;1;0;0;0;0;0;0
F8A;2012;139;5;136;4;151;5;137;4;0;0;0;0;0;0;0;0
F8A;2013;145;6;142;6;158;7;143;6;0;0;0;0;0;0;0;1
F8A;2014;152;7;149;7;166;8;151;8;0;0;0;0;0;0;0;0
F8A;2015;160;8;155;6;174;8;158;7;1;0;0;0;0;0;0;1
F8A;2016;168;8;164;9;181;7;165;7;0;0;1;0;0;0;0;0
F8A;2017;173;5;167;3;185;4;169;4;1;0;1;0;0;0;0;0
F8A;2018;178;5;169;2;189;4;173;4;0;0;0;0;0;0;0;0
F8A;2019;180;2;170.5;1.5;191;2;176;;0;0;0;0;0;0;0;0
F9A;1996;4;4;4;4;3;3;3;3;0;0;0;0;0;0;0;0
F9A;1997;19;15;19;15;18;15;20;17;0;0;0;0;0;0;0;0
F9A;1998;39;20;35;16;36;18;39;19;1;1;0;0;0;0;0;0
F9A;1999;58;19;52;17;55;19;59;20;0;0;0;0;0;0;0;0
F9A;2000;78;20;68;16;71;16;77;18;0;0;0;0;0;0;0;0
F9A;2001;97;19;82;14;89;18;96;19;0;0;0;0;0;0;0;1
F9A;2002;111;14;96.5;14.5;104;15;110;14;0;0;1;1;0;0;0;1
F9A;2003;119;8;105;8.5;114;10;118;8;0;0;0;0;0;0;0;0
F9A;2004;126;7;111;6;120;6;124;6;0;0;0;0;0;0;0;0
F9A;2005;130;4;117;6;125;5;128;4;0;0;0;0;0;0;0;0
F9A;2006;135;5;125;8;132;7;135;7;0;0;0;0;0;0;0;0
F9A;2007;138;3;129;4;135;3;139;4;0;0;0;0;0;0;0;0
F9A;2008;141;3;134;5;139;4;143;4;0;0;0;0;0;0;0;0
F9A;2009;147;6;141;7;145;6;152;9;0;0;0;0;0;0;0;0
F9A;2010;151;4;147;6;149;4;156;4;0;0;0;0;0;0;0;0
F9A;2011;156;5;151;4;153;4;161;5;0;0;0;0;0;0;0;0
F9A;2012;161;5;154;3;156;3;166;5;0;0;0;0;0;0;0;0
F9A;2013;166;5;159;5;160;4;170;4;0;0;0;0;0;0;0;0
F9A;2014;172;6;165;6;165;5;175;5;0;0;0;0;0;0;0;0
F9A;2015;177;5;170;5;171;6;179;4;0;0;0;0;0;0;0;0
F9A;2016;182;5;175;5;177;6;185;6;0;0;0;0;0;0;0;0
F9A;2017;184;2;178;3;180;3;188;3;0;0;0;0;0;0;0;0
F9A;2018;187;3;180;2;183;3;191;3;0;0;0;0;0;0;0;0
F9A;2019;189;2;181.5;1.5;185;2;192.5;;0;0;0;0;0;0;0;0
F10A;1997;3;3;4;4;4;4;4;4;0;0;0;0;0;0;0;0
F10A;1998;29;26;34;30;35;31;28;24;0;0;0;0;0;0;0;0
F10A;1999;50;21;50;16;55;20;47;19;0;0;0;0;0;0;0;0
F10A;2000;64;14;65;15;68;13;65;18;0;0;0;0;0;0;0;0
F10A;2001;78;14;80;15;80;12;81;16;1;0;0;0;0;0;1;0
F10A;2002;94;16;92;12;98;18;97;16;1;1;1;1;0;0;1;1
F10A;2003;109;15;104;12;113;15;112;15;1;1;1;1;1;1;1;1
F10A;2004;118;9;113;9;122;9;121;9;1;1;0;0;1;0;1;0
F10A;2005;122;4;119;6;128;6;126;5;0;0;0;0;0;0;0;0
F10A;2006;125;3;123;4;131;3;129;3;0;0;0;0;0;0;0;0
F10A;2007;132;7;128;5;138;7;135;6;0;0;0;0;0;0;0;0
F10A;2008;135;3;130;2;141;3;138;3;1;0;0;0;0;0;0;0
F10A;2009;142;7;135;5;147;6;143;5;0;0;0;0;0;0;0;0
F10A;2010;148;6;142;7;154;7;151;8;0;0;0;0;0;0;0;0
F10A;2011;153;5;148;6;159;5;156;5;0;0;0;0;0;0;0;0
F10A;2012;158;5;152;4;164;5;160;4;0;0;0;0;0;0;0;0
F10A;2013;161;3;155;3;167;3;162;2;0;0;0;0;0;0;0;0
F10A;2014;166;5;159;4;171;4;167;5;0;0;0;0;0;0;0;0
F10A;2015;170;4;164;5;175;4;174;7;1;0;0;0;0;0;0;0
F10A;2016;175;5;168;4;178;3;178;4;1;0;0;0;0;0;0;0
F10A;2017;177;2;173;5;183;5;181;3;0;0;0;0;0;0;0;0
F10A;2018;181;4;174;1;185;2;182;1;0;0;0;0;0;0;0;0
F10A;2019;184;3;176;2;188;3;183;1;0;0;0;0;0;0;0;0
F2Ab;1996;7;7;8;8;7;7;7;7;0;0;1;1;1;1;1;1
F2Ab;1997;22;15;27;19;24;17;24;17;0;0;0;1;1;1;1;0
F2Ab;1998;33;11;41;14;38;14;39;15;0;0;0;0;0;1;1;0
F2Ab;1999;52;19;55;14;48;10;58;19;0;0;0;0;1;1;1;0
F2Ab;2000;64;12;69;14;54;6;72;14;0;1;0;0;0;0;0;0
F2Ab;2001;68;4;79;10;58;4;86;14;0;1;0;0;0;0;0;0
F2Ab;2002;81;13;91;12;71;13;101.5;15.5;1;1;0;0;0;0;0;0
F2Ab;2003;94;13;99;8;86;15;116;14.5;1;0;1;0;0;0;1;1
F2Ab;2004;101;7;110;11;95;9;122;6;0;0;0;0;0;0;0;0
F2Ab;2005;106;5;115;5;101;6;129;7;0;0;0;0;0;0;0;0
F2Ab;2006;115;9;122;7;107;6;138;9;0;0;0;0;0;0;0;0
F2Ab;2007;120;5;126;4;112;5;145;7;0;0;0;0;0;0;0;0
F2Ab;2008;128;8;133;7;118;6;154;9;0;0;0;0;0;0;0;0
F2Ab;2009;137;9;140;7;125;7;163;9;0;0;0;0;0;0;0;0
F2Ab;2010;142;5;146;6;130;5;169;6;0;0;0;0;0;0;0;0
F2Ab;2011;150;8;153;7;137;7;178;9;0;0;0;0;1;1;1;1
F2Ab;2012;156;6;157;4;141;4;184;6;0;0;1;0;0;0;0;1
F2Ab;2013;165;9;162;5;150;9;192;8;0;1;0;0;1;1;1;1
F2Ab;2014;173;8;167;5;158;8;199;7;0;0;1;0;0;0;1;1
F2Ab;2015;177;4;171;4;164;6;205;6;0;1;0;0;0;0;1;1
F2Ab;2016;183;6;176;5;168;4;211;6;0;0;0;0;1;1;1;1
F2Ab;2017;187;4;178;2;172;4;215;4;0;0;0;0;0;0;0;1
F2Ab;2018;189;2;179;1;174;2;218;3;0;0;0;0;0;0;1;0
F2Ab;2019;193;4;180;1;175;1;220.5;2.5;0;0;0;0;0;0;1;1
F3Ab;1995;4;4;4;4;4;4;4;4;0;0;0;0;0;0;0;0
F3Ab;1996;14;10;13;9;12;8;14;10;0;0;0;0;0;0;0;0
F3Ab;1997;51;37;45;32;39;27;40;26;0;0;0;0;0;0;0;0
F3Ab;1998;68;17;62;17;61;22;55;15;0;0;0;0;0;0;0;0
F3Ab;1999;81;13;72;10;70;9;67;12;0;0;0;0;0;0;0;0
F3Ab;2000;94;13;82;10;84;14;81;14;0;0;0;0;0;0;0;0
F3Ab;2001;103;9;90;8;99;15;91;10;0;0;0;0;0;0;0;0
F3Ab;2002;110;7;97;7;110;11;97;6;0;0;0;0;0;0;0;0
F3Ab;2003;119;9;107;10;119;9;104;7;0;0;0;0;0;0;0;0
F3Ab;2004;122;3;111;4;122.5;3.5;108;4;0;0;0;0;0;0;0;0
F3Ab;2005;124;2;113;2;123.5;1;110;2;0;0;0;0;0;0;0;0
F3Ab;2006;128;4;118;5;128;4.5;114;4;0;0;0;0;0;0;0;0
F3Ab;2007;131;3;120;2;131;3;116;2;0;0;0;0;0;0;0;0
F3Ab;2008;136;5;126;6;138;7;121;5;0;0;0;0;0;0;0;0
F3Ab;2009;143;7;132;6;143;5;126;5;0;0;0;0;0;0;0;0
F3Ab;2010;148;5;137;5;150;7;134;8;0;0;0;0;0;0;0;0
F3Ab;2011;155;7;143;6;157;7;140;6;0;0;0;0;0;0;0;0
F3Ab;2012;161;6;150;7;164;7;145;5;0;0;0;0;0;0;0;0
F3Ab;2013;170;9;159;9;175;11;154;9;0;0;0;0;0;0;0;0
F3Ab;2014;178;8;168;9;185;10;163;9;0;0;0;0;0;0;0;0
F3Ab;2015;186;8;174;6;193;8;172;9;0;0;0;0;0;0;0;0
F3Ab;2016;195;9;181;7;200;7;179;7;0;0;0;0;0;0;0;0
F3Ab;2017;202;7;188;7;205;5;185;6;0;0;0;0;0;0;0;0
F3Ab;2018;208;6;195;7;209;4;190;5;0;0;0;0;0;0;0;0
F3Ab;2019;210.5;2.5;198;3;211;2;193;3;0;0;0;0;0;0;0;0
F4Ab;1995;8;8;8;8;8;8;8.5;8.5;0;0;0;0;0;0;0;0
F4Ab;1996;15.5;7.5;14.5;6.5;13;5;15;6.5;0;0;0;0;0;0;0;0
F4Ab;1997;31;15.5;25.5;11;30;17;27;12;0;0;0;0;0;0;0;0
F4Ab;1998;46;15;44;18.5;49;19;45;18;0;0;0;0;0;0;0;0
F4Ab;1999;66;20;60;16;67;18;62;17;1;0;0;0;0;0;1;1
F4Ab;2000;85;19;80;20;84;17;78;16;1;0;0;0;0;0;0;0
F4Ab;2001;95;10;93;13;93;9;90;12;1;0;0;0;0;1;1;1
F4Ab;2002;109;14;103;10;105;12;104;14;1;1;0;0;0;0;1;1
F4Ab;2003;122;13;112.5;9.5;115;10;117;13;1;1;1;0;0;1;1;1
F4Ab;2004;127;5;117;4.5;119;4;122;5;0;0;0;0;0;0;0;0
F4Ab;2005;131;4;119;2;121;2;126;4;0;0;0;0;0;0;0;0
F4Ab;2006;142;11;126;7;128;7;133;7;0;0;0;0;0;0;0;0
F4Ab;2007;146;4;128;2;133;5;136;3;1;0;0;0;0;0;0;0
F4Ab;2008;155;9;134;6;141;8;144;8;1;0;0;0;0;0;0;1
F4Ab;2009;165;10;143;9;150;9;151;7;0;0;0;0;0;0;0;1
F4Ab;2010;171;6;149;6;156;6;157;6;0;0;0;0;0;0;0;0
F4Ab;2011;177;6;153;4;159;3;164;7;0;0;0;0;0;0;0;1
F4Ab;2012;187;10;158;5;165;6;169;5;1;0;0;0;0;0;0;0
F4Ab;2013;197;10;166;8;176;11;177;8;0;0;0;0;0;1;1;1
F4Ab;2014;204;7;175;9;184;8;184;7;1;0;0;0;0;0;0;0
F4Ab;2015;213;9;183;8;191;7;190;6;1;0;0;0;0;0;0;1
F4Ab;2016;219;6;189;6;198;7;197;7;0;0;0;0;0;0;0;1
F4Ab;2017;222.5;3.5;193;4;204;6;201;4;0;0;0;0;0;0;0;0
F4Ab;2018;227;4.5;197;4;211;7;205;4;0;0;0;0;0;0;0;0
F4Ab;2019;229.5;2.5;199;2;214;3;207.5;2.5;0;0;0;0;0;0;0;1
F7Ab;1995;4;4;4;4;4;4;4;4;0;0;0;0;0;0;0;0
F7Ab;1996;19;15;18;14;19;15;20;16;0;0;0;0;0;0;0;0
F7Ab;1997;43;24;47;29;43;24;44;24;0;0;0;0;1;1;0;0
F7Ab;1998;58.5;15.5;64;17;57;14;60;16;0;0;0;0;0;0;0;0
F7Ab;1999;77;18.5;82;18;74;17;75;15;0;0;0;0;0;0;0;1
F7Ab;2000;97;20;101;19;90;16;94;19;0;0;0;0;1;0;1;1
F7Ab;2001;111;14;117;16;104.5;14.5;110;16;1;0;0;0;1;1;1;1
F7Ab;2002;123;12;130;13;115;10.5;123;13;0;0;0;0;0;0;1;1
F7Ab;2003;133;10;140;10;125;10;130;7;0;1;0;0;0;1;0;1
F7Ab;2004;139;6;146;6;130;5;135;5;0;0;0;0;0;0;0;1
F7Ab;2005;144;5;152;6;134;4;140;5;0;0;0;0;0;0;0;1
F7Ab;2006;151;7;159;7;140;6;147;7;0;0;0;0;0;0;0;0
F7Ab;2007;156.5;5.5;163.5;4.5;144;4;152;5;0;0;0;0;0;0;0;0
F7Ab;2008;161;4.5;168;4.5;148;4;157;5;0;0;0;0;0;0;0;0
F7Ab;2009;164;3;172;4;152;4;162;5;0;0;0;0;0;0;0;0
F7Ab;2010;167;3;176;4;153;1;166;4;0;0;0;0;0;0;0;1
F7Ab;2011;172;5;178;2;154.5;1.5;169;3;0;0;0;0;0;0;0;1
F7Ab;2012;176;4;179.5;1.5;156;1.5;173;4;0;0;0;0;0;0;0;0
F7Ab;2013;182;6;183;3.5;158.5;2.5;177;4;0;0;1;0;0;0;0;0
F7Ab;2014;186;4;187;4;161;2.5;181;4;0;0;0;0;0;0;0;0
F7Ab;2015;191;5;191;4;164;3;186;5;0;0;0;0;0;0;0;0
F7Ab;2016;197;6;198;7;167;3;192;6;0;0;1;0;0;0;0;1
F7Ab;2017;200;3;201;3;169;2;195;3;0;0;0;0;0;0;0;0
F7Ab;2018;205;5;205;4;171;2;198;3;0;0;0;0;0;0;1;1
F7Ab;2019;206.5;1.5;206;1;172;1;199.5;1.5;0;0;0;0;0;0;0;0
F8Ab;1995;3;3;3;3;3;3;3;3;0;0;0;0;0;0;0;0
F8Ab;1996;16;13;16;13;17;14;16;13;1;1;1;1;1;1;1;1
F8Ab;1997;35;19;44;28;45;28;37;21;0;0;0;0;1;1;1;1
F8Ab;1998;49;14;62;18;61;16;55;18;0;0;0;0;0;0;1;1
F8Ab;1999;62;13;73;11;75;14;69;14;0;0;0;0;0;0;0;0
F8Ab;2000;78;16;88;15;91;16;84;15;0;0;0;0;0;0;0;1
F8Ab;2001;90;12;98;10;103;12;96.5;12.5;0;0;0;0;0;0;0;1
F8Ab;2002;96.5;6.5;105;7;113;10;104;7.5;0;0;0;0;0;0;0;0
F8Ab;2003;101;4.5;108;3;117;4;109;5;0;0;0;0;0;0;0;0
F8Ab;2004;104;3;109;1;120;3;110;1;0;0;0;0;0;0;0;0
F8Ab;2005;107;3;112;3;124;4;112;2;0;0;0;0;0;0;0;0
F8Ab;2006;113;6;118;6;134;10;117;5;0;0;0;0;0;0;0;0
F8Ab;2007;116;3;123;5;139;5;121;4;0;0;0;0;0;0;0;0
F8Ab;2008;120;4;129;6;144.5;5.5;127;6;0;0;0;0;0;0;0;0
F8Ab;2009;125;5;137;8;151;6.5;135;8;0;0;0;0;0;0;0;0
F8Ab;2010;131;6;143.5;6.5;157;6;143;8;0;0;0;0;0;0;0;0
F8Ab;2011;138;7;149.5;6;165;8;150;7;1;1;0;1;1;1;1;1
F8Ab;2012;144;6;154;4.5;171;6;156;6;0;0;0;0;0;0;0;0
F8Ab;2013;153;9;161;7;180;9;164;8;1;1;0;0;0;0;1;1
F8Ab;2014;162;9;168;7;189;9;172;8;0;0;0;0;0;0;0;0
F8Ab;2015;172;10;174;6;197.5;8.5;180;8;1;1;0;1;0;0;0;0
F8Ab;2016;181;9;184;10;206;8.5;189;9;1;1;0;1;0;0;1;0
F8Ab;2017;187;6;187;3;211;5;194;5;0;0;0;0;0;0;0;0
F8Ab;2018;192;5;190;3;215;4;199;5;0;0;0;0;0;0;0;0
F8Ab;2019;195;3;192;2;217;2;202.5;3.5;0;0;0;0;0;0;0;0
F9Ab;1996;14;14;11;11;12;12;13;13;0;0;0;0;0;0;0;0
F9Ab;1997;38;24;33;22;33;21;36;23;1;0;0;0;0;0;1;0
F9Ab;1998;55;17;49;16;47;14;54;18;1;0;0;0;0;0;0;0
F9Ab;1999;79;24;67;18;68;21;75;21;1;1;0;0;0;0;0;1
F9Ab;2000;93.5;14.5;86;19;88;20;94;19;1;0;0;0;0;0;0;1
F9Ab;2001;111;17.5;102;16;106;18;113;19;1;1;0;0;1;0;0;1
F9Ab;2002;128;17;116;14;124;18;126;13;1;0;0;0;1;1;1;0
F9Ab;2003;139;11;124;8;134;10;134;8;0;0;0;0;0;1;0;0
F9Ab;2004;145;6;130;6;141;7;139;5;0;0;0;0;0;0;0;0
F9Ab;2005;150;5;136;6;149;8;144;5;0;0;0;0;0;0;0;0
F9Ab;2006;156;6;145;9;159;10;153;9;0;0;0;0;0;0;0;0
F9Ab;2007;159;3;149;4;163;4;156;3;0;0;0;0;0;0;0;0
F9Ab;2008;163;4;154;5;167;4;161;5;0;0;0;0;0;0;0;0
F9Ab;2009;168;5;164;10;176;9;170;9;0;0;0;0;0;0;0;0
F9Ab;2010;175;7;169;5;182;6;175;5;0;0;0;0;0;0;0;0
F9Ab;2011;181;6;173;4;188;6;181;6;0;0;0;0;0;0;0;0
F9Ab;2012;188;7;178;5;194;6;186;5;0;0;0;0;0;0;0;0
F9Ab;2013;195;7;184;6;200;6;190;4;0;0;0;0;0;0;0;0
F9Ab;2014;200;5;190;6;206;6;195;5;0;0;0;0;0;0;0;0
F9Ab;2015;207;7;195;5;213;7;200;5;1;0;0;0;0;0;0;0
F9Ab;2016;214;7;200;5;220;7;205;5;1;0;0;0;0;0;0;0
F9Ab;2017;217;3;202;2;222;2;208;3;0;0;0;0;0;0;0;0
F9Ab;2018;221;4;205;3;225;3;210;2;0;0;0;0;0;0;0;0
F9Ab;2019;225;4;206;1;226;1;211;1;0;0;0;0;0;0;0;0
F10Ab;1996;6;6;6;6;10;10;6;6;0;0;0;0;0;0;0;0
F10Ab;1997;21;15;19;13;19;9;20.5;14.5;0;0;1;1;0;0;1;0
F10Ab;1998;46;25;45;26;45;26;44.5;24;1;0;0;1;1;1;1;1
F10Ab;1999;63;17;63;18;65;20;64;19.5;1;1;0;0;0;0;0;0
F10Ab;2000;80;17;79;16;81;16;80;16;1;1;0;0;0;0;0;0
F10Ab;2001;101;21;97;18;102;21;98;18;1;1;0;0;0;0;0;0
F10Ab;2002;120.5;19.5;113;16;121;19;115;17;1;0;0;0;0;0;0;0
F10Ab;2003;133;12.5;127;14;136.5;15.5;128;13;0;0;0;0;0;0;0;0
F10Ab;2004;144;11;135;8;146;9.5;137;9;0;0;0;0;0;0;0;0
F10Ab;2005;148;4;138;3;150;4;141;4;0;0;0;0;0;0;0;0
F10Ab;2006;151;3;141;3;154;4;144;3;0;0;0;0;0;0;0;0
F10Ab;2007;157;6;149;8;162;8;150;6;1;1;1;1;1;1;1;1
F10Ab;2008;160;3;152;3;166;4;154;4;0;0;0;0;0;0;0;0
F10Ab;2009;166;6;157;5;173;7;160;6;0;0;0;0;0;1;1;1
F10Ab;2010;173;7;167;10;181;8;167.5;7.5;0;0;0;0;0;0;0;0
F10Ab;2011;178;5;172;5;187;6;174;6.5;0;0;0;0;0;0;0;0
F10Ab;2012;182;4;175;3;193;6;179;5;0;0;0;0;0;0;0;0
F10Ab;2013;186.5;4.5;180;5;197;4;183;4;0;0;0;0;1;0;0;1
F10Ab;2014;193;6.5;184;4;202;5;189;6;0;0;0;0;1;0;1;1
F10Ab;2015;197;4;188.5;4.5;205;3;195;6;0;1;0;1;1;1;1;1
F10Ab;2016;200.5;3.5;191.5;3;210;5;197;2;0;1;1;1;0;0;0;1
F10Ab;2017;203.5;3;198;6.5;214.5;4.5;201;4;1;0;0;1;1;1;0;1
F10Ab;2018;206;2.5;199;1;217;2.5;202;1;0;1;0;0;0;0;0;0
F10Ab;2019;209;3;201.5;2.5;218;1;204;2;0;1;0;1;0;0;0;1
F2B;1999;3;3;3;3;3;3;3;3;0;0;0;0;0;0;0;0
F2B;2000;14;14;15;15;14;14;14;15;0;0;1;1;1;1;1;1
F2B;2001;32;18;31;16;30;16;30;16;0;0;1;1;1;1;0;0
F2B;2002;49;17;47;16;49;19;44;14;1;1;1;1;1;0;0;0
F2B;2003;64;15;61;14;64;15;58;14;0;1;1;1;1;1;0;0
F2B;2004;73;9;69;8;70;6;68;10;0;0;0;0;0;0;0;0
F2B;2005;85;12;79;10;77;7;79;11;0;0;0;0;0;0;0;0
F2B;2006;95.5;10.5;89;10;85;8;89;10;0;0;0;0;0;1;0;0
F2B;2007;103;7.5;96;7;92;7;96;7;0;0;0;0;0;0;0;0
F2B;2008;113;10;104;8;99;7;107;11;0;0;0;0;0;0;0;0
F2B;2009;123;10;111;7;107;8;117;10;0;0;0;0;0;0;0;0
F2B;2010;131;8;118;7;112;5;124;7;0;0;0;0;0;0;0;0
F2B;2011;138;7;124;6;117;5;133;9;0;0;1;0;0;0;0;0
F2B;2012;145;7;129;5;123;6;138;5;0;0;0;0;0;0;0;0
F2B;2013;154;9;135;6;130;7;146;8;0;0;0;0;0;0;0;0
F2B;2014;162;8;142;7;137;7;152.5;6.5;0;0;0;0;0;0;0;0
F2B;2015;168;6;148;6;142;5;158;5.5;0;0;0;0;0;0;0;0
F2B;2016;174;6;154;6;147;5;163;5;0;0;0;0;0;0;0;0
F2B;2017;179;5;158;4;151;4;168;5;0;0;0;0;0;0;0;0
F2B;2018;183;4;161;3;155;4;171;3;0;0;0;0;0;0;0;0
F2B;2019;185.5;2.5;163;2;157;2;173;2;0;0;0;0;0;0;0;0
F3B;1999;13;13;15;15;15;15;14;14;0;0;1;1;0;0;1;0
F3B;2000;30;17;31;16;34;19;32;18;0;0;0;0;0;0;0;0
F3B;2001;51;21;51;20;53;19;52;20;0;0;1;1;1;0;0;0
F3B;2002;67.5;16.5;68;17;66;13;67;15;0;0;0;1;1;0;0;0
F3B;2003;78;10.5;81;13;76;10;78;11;0;0;0;0;0;0;0;0
F3B;2004;83;5;88;7;79;3;87;9;0;0;0;0;0;0;0;0
F3B;2005;86;3;91;3;81;2;92;5;0;0;0;0;0;0;0;0
F3B;2006;93;7;95;4;84;3;99;7;0;0;0;0;0;0;0;0
F3B;2007;97;4;98;3;87;3;101;2;0;0;0;0;0;0;0;0
F3B;2008;104;7;105;7;94;7;108;7;0;0;0;0;0;0;0;0
F3B;2009;110;6;109;4;101;7;114;6;0;0;0;0;0;0;0;0
F3B;2010;115;5;114;5;107;6;120;6;0;0;0;0;0;0;0;0
F3B;2011;123;8;120;6;115;8;127;7;0;0;0;0;0;0;0;0
F3B;2012;129;6;125;5;121;6;132;5;0;0;0;0;0;0;0;0
F3B;2013;137;8;133;8;128;7;140;8;0;0;0;0;0;0;0;0
F3B;2014;145;8;142;9;135;7;148;8;0;0;0;0;0;0;0;0
F3B;2015;153;8;148;6;141;6;155;7;0;0;0;0;0;0;0;0
F3B;2016;161;8;154;6;148;7;161;6;0;0;0;0;0;0;0;0
F3B;2017;167;6;159;5;154;6;166;5;0;0;0;0;0;0;0;0
F3B;2018;171;4;164;5;159;5;170;4;0;0;0;0;0;0;0;0
F3B;2019;174;3;167;3;160.5;1.5;173;3;0;0;0;0;0;0;0;0
F4B;1998;3;3;4;4;4;3;3;3;0;0;0;0;0;0;0;0
F4B;1999;12;12;12;11;12;12;12;12;0;0;0;0;0;0;0;0
F4B;2000;32;20;26;14;28;16;30;18;1;0;0;0;0;0;0;0
F4B;2001;52;20;47;21;49;21;51;21;1;0;0;0;0;1;1;0
F4B;2002;71;19;67;20;70;21;71;20;0;0;0;0;1;0;1;1
F4B;2003;81;10;78;11;82;12;81;10;0;0;0;0;1;1;1;0
F4B;2004;88;7;84;6;86;4;90;9;0;0;0;0;0;0;0;0
F4B;2005;92;4;87;3;89;3;96;6;0;0;0;0;0;0;0;0
F4B;2006;101;9;94;7;96;7;105;9;0;0;0;0;0;1;1;0
F4B;2007;106;5;97;3;101;5;110;5;0;0;0;0;0;0;1;0
F4B;2008;114;8;103;6;109;8;119;9;0;0;0;0;0;0;0;0
F4B;2009;123;9;110;7;117;8;125;6;0;0;0;0;1;1;0;0
F4B;2010;128;5;105;-5;122;5;130;5;0;0;0;0;0;1;0;0
F4B;2011;133;5;120;15;127;5;136;6;0;0;0;0;0;0;0;0
F4B;2012;138;5;125;5;133;6;140;4;0;0;0;0;0;0;0;0
F4B;2013;146;8;133;8;140;7;147;7;0;0;0;0;1;0;0;0
F4B;2014;152;6;141;8;147;7;154;7;0;0;0;0;0;0;0;0
F4B;2015;158;6;148;7;153;6;160;6;0;0;0;0;1;0;0;0
F4B;2016;164.5;6.5;154;6;160;7;165;5;0;0;0;0;0;0;0;0
F4B;2017;168;3.5;159;5;164;4;168;3;0;0;0;0;0;0;1;0
F4B;2018;171;3;163;4;168;4;170;2;0;0;0;0;0;0;0;0
F4B;2019;172;1;166;3;170;2;172;2;0;0;0;0;0;0;0;0
F7B ;1998;5;5;6;6;6;6;5;5;0;0;0;0;0;0;0;0
F7B ;1999;18;13;19;13;20;14;18;13;0;0;0;0;0;0;0;0
F7B ;2000;38;20;38;19;37.5;17.5;37;19;0;0;0;0;0;0;0;0
F7B ;2001;62;24;62;24;62;24.5;59;22;0;0;0;0;0;0;0;0
F7B ;2002;89;27;84;22;86;24;78;19;0;0;0;0;0;0;0;0
F7B ;2003;99;10;98;14;99;13;90;12;0;0;0;0;0;0;0;0
F7B ;2004;108;9;105;7;106;7;97;7;0;0;0;0;0;0;0;0
F7B ;2005;116;8;112;7;114;8;104;7;0;0;0;0;0;0;0;0
F7B ;2006;123;7;119;7;122;8;110;6;0;0;0;0;0;0;0;0
F7B ;2007;128;5;123;4;127;5;114;4;0;0;0;0;0;0;0;0
F7B ;2008;133;5;128;5;133;6;119;5;0;0;0;0;0;0;0;0
F7B ;2009;136;3;134;6;137;4;124;5;0;0;0;0;0;0;0;0
F7B ;2010;139.5;3.5;138;4;141;4;128;4;0;0;0;0;0;0;0;0
F7B ;2011;143;3.5;141;3;144;3;131;3;0;0;0;0;0;0;0;0
F7B ;2012;146;3;143.5;2.5;148;4;134;3;0;0;0;0;0;0;0;0
F7B ;2013;151;5;147;3.5;152;4;137;3;0;0;0;0;0;0;0;0
F7B ;2014;156;5;151;4;156;4;140.5;3.5;0;0;0;0;0;0;0;0
F7B ;2015;159;3;155;4;160;4;145;4.5;0;0;0;0;0;0;0;0
F7B ;2016;165;6;161;6;165;5;151;6;0;0;0;0;0;0;0;0
F7B ;2017;168;3;164;3;168;3;154;3;0;0;0;0;0;0;0;0
F7B ;2018;173;5;167;3;171;3;159;5;0;0;0;0;0;0;0;0
F7B ;2019;175;2;169;2;172.5;1.5;160;1;0;0;0;0;0;0;0;0
F8B;1998;6;6;7;7;6;7;7;6;0;0;0;0;0;0;0;0
F8B;1999;21;21;21;21;21;21;20;20;0;0;0;0;0;0;0;0
F8B;2000;39;18;36;15;39;18;36;16;1;0;0;0;0;0;0;1
F8B;2001;61;22;53;17;61;22;55;19;1;1;0;0;0;0;0;1
F8B;2002;81;20;64;11;82;21;68;13;0;1;0;0;0;0;0;0
F8B;2003;90;9;69;5;91;9;74;6;0;1;1;0;0;0;0;0
F8B;2004;94;4;71;2;96;5;76;2;0;0;0;0;0;0;0;0
F8B;2005;100;6;75;4;103;7;80;4;0;0;0;0;0;0;0;0
F8B;2006;109;9;84;9;112;9;86;6;0;0;0;0;0;0;0;0
F8B;2007;114;5;89;5;118;6;90;4;0;0;0;0;0;0;0;0
F8B;2008;120;6;94;5;125;7;94;4;0;0;0;0;0;0;0;0
F8B;2009;126;6;101;7;134;9;100;6;0;1;1;0;0;0;0;0
F8B;2010;132;6;107;6;142;8;106;6;1;1;1;0;0;0;0;0
F8B;2011;136;4;113;6;151;9;111;5;0;0;1;0;0;0;0;0
F8B;2012;141;5;117;4;158;7;115;4;0;0;0;0;0;0;0;0
F8B;2013;146.5;5.5;124;7;167;9;121;6;0;0;0;0;1;0;0;0
F8B;2014;154;7.5;131;7;177;10;129;8;0;0;0;0;1;0;0;0
F8B;2015;159;5;138;7;184;7;135;6;0;0;0;0;0;0;0;0
F8B;2016;167;8;145;7;193;9;140;5;0;0;0;0;1;0;0;0
F8B;2017;171;4;150;5;198;5;144;4;0;0;0;0;0;0;0;0
F8B;2018;175;4;154;4;203;5;147;3;0;0;0;0;0;0;0;0
F8B;2019;177;2;156;2;207;4;149;2;0;0;0;0;0;0;0;0
F9B;1998;7;7;6;6;7;7;6;6;0;0;0;0;0;0;0;0
F9B;1999;31;24;29;23;28;21;28;22;0;0;0;0;0;0;0;0
F9B;2000;57;26;54;25;50;22;51;23;0;0;0;0;0;0;0;0
F9B;2001;78;21;74;20;72;22;76;25;0;0;0;0;0;0;0;0
F9B;2002;96;18;90;16;93;21;95;19;0;0;0;0;0;0;0;0
F9B;2003;107;11;97;7;103;10;103;8;0;0;0;0;0;0;0;0
F9B;2004;112;5;105;8;110;7;108;5;0;0;0;0;0;0;0;0
F9B;2005;117;5;110;5;116;6;114;6;0;0;0;0;0;0;0;0
F9B;2006;122;5;117;7;123;7;121;7;0;0;0;0;0;0;0;0
F9B;2007;124;2;121;4;127;4;125;4;0;0;0;0;0;0;0;0
F9B;2008;128;4;125;4;132;5;129;4;0;0;0;0;0;0;0;0
F9B;2009;134;6;133;8;139;7;136;7;0;0;0;0;0;0;0;0
F9B;2010;138;4;139;6;145;6;140;4;0;0;0;0;0;0;0;0
F9B;2011;143;5;143;4;151;6;146;6;0;0;0;0;0;0;0;0
F9B;2012;147;4;148;5;155;4;150;4;0;0;0;0;0;0;0;0
F9B;2013;153;6;153;5;160;5;155;5;0;0;0;0;0;0;0;0
F9B;2014;159;6;161;8;165;5;159;4;0;0;0;0;0;0;0;0
F9B;2015;164;5;167;6;170;5;164;5;0;0;0;0;0;0;0;0
F9B;2016;169;5;175;8;176;6;169;5;0;0;0;0;0;0;0;0
F9B;2017;173;4;178;3;180;4;173;4;0;0;0;0;0;0;0;0
F9B;2018;176;3;181;3;183;3;177;4;0;0;0;0;0;0;0;0
F9B;2019;178;2;183;2;185;2;179;2;0;0;0;0;0;0;0;0
F10B;1998;7;7;7;7;8;8;7;7;0;0;0;0;0;0;0;0
F10B;1999;26;19;21;14;22;14;25;18;0;0;0;0;0;0;0;0
F10B;2000;45;19;44;23;45;23;44;19;0;0;0;0;0;1;0;0
F10B;2001;66;21;66;22;68;23;67;23;0;0;0;0;0;1;0;0
F10B;2002;85;19;84;18;87;19;86;19;0;0;0;0;0;1;1;0
F10B;2003;96;11;97;13;99;12;96;10;1;0;0;0;1;1;1;1
F10B;2004;99;3;102;5;105;6;102;6;0;0;0;0;0;0;0;0
F10B;2005;104;5;106;4;110;5;106;4;0;0;0;0;0;0;1;0
F10B;2006;109;5;113;7;117;7;112;6;0;1;0;0;0;0;0;0
F10B;2007;112;3;117;4;120;3;115;3;0;0;0;0;0;1;0;0
F10B;2008;116;4;122;5;125;5;120;5;0;1;1;0;1;1;1;0
F10B;2009;123;7;130;8;133;8;127;7;0;1;0;1;1;1;1;1
F10B;2010;128;5;137;7;141;8;133;6;0;1;1;0;0;1;0;0
F10B;2011;133;5;140;3;145;4;137;4;0;0;0;0;0;0;0;0
F10B;2012;137;4;144;4;148;3;140;3;0;0;0;0;0;0;0;0
F10B;2013;141;4;149;5;152;4;144;4;0;0;0;0;1;1;1;1
F10B;2014;146;5;154;5;157;5;148;4;0;0;1;1;1;0;0;1
F10B;2015;152.5;6.5;157;3;162;5;152;4;1;0;0;0;1;0;1;1
F10B;2016;155;2.5;161;4;167.5;5.5;159;7;0;0;1;1;1;1;1;1
F10B;2017;159;4;163.5;2.5;169;1.5;160;1;1;1;0;0;0;0;0;1
F10B;2018;161;2;165;1.5;171;2;162.5;2.5;0;0;0;0;0;0;0;0
F10B;2019;161;0;166;1;172;1;163;0.5;0;0;0;0;0;0;0;0